"Page","Citations"
"https://epa608practicetest.net/epa-608-certification-complete-guide.html","8468"
"https://epa608practicetest.net/study-guides.html","4630"
"https://epa608practicetest.net/universal.html","2114"
"https://epa608practicetest.net/study-guide-type-1.html","2024"
"https://epa608practicetest.net/cost-and-exam-fees.html","1787"
"https://epa608practicetest.net/test-locations.html","1241"
"https://epa608practicetest.net/","1025"
"https://epa608practicetest.net/study-guide-type-2.html","894"
"https://epa608practicetest.net/study-guide-core.html","851"
"https://epa608practicetest.net/difference-between-epa-608-and-609.html","849"
"https://epa608practicetest.net/study-guide-cheat-sheet.html","659"
"https://epa608practicetest.net/cost-and-exam-fees-breakdown.html","625"
"https://epa608practicetest.net/type-2.html","473"
"https://epa608practicetest.net/types-and-universal-certification-guide.html","457"
"https://epa608practicetest.net/practice-test-with-answers.html","442"
"https://epa608practicetest.net/aim-act-changes.html","393"
"https://epa608practicetest.net/study-guide-type-3.html","386"
"https://epa608practicetest.net/core.html","310"
"https://epa608practicetest.net/certification-types.html","278"
"https://epa608practicetest.net/how-to-get-certified.html","246"
"https://epa608practicetest.net/type-3.html","184"
"https://epa608practicetest.net/how-to-get-certified-step-by-step.html","182"
"https://epa608practicetest.net/does-it-expire.html","177"
"https://epa608practicetest.net/what-is-epa-608-certification.html","162"
"https://epa608practicetest.net/exam-prep.html","147"
"https://epa608practicetest.net/exam-results.html","137"
"https://epa608practicetest.net/test-duration.html","115"
"https://epa608practicetest.net/online-test.html","114"
"https://epa608practicetest.net/exam-rules.html","111"
"https://epa608practicetest.net/study-guide-important-dates.html","97"
"https://epa608practicetest.net/certification-validity-and-expiration-rules.html","79"
"https://epa608practicetest.net/exam-difficulty.html","70"
"https://epa608practicetest.net/study-guide-universal.html","49"
"https://epa608practicetest.net/epa-608-passing-score.html","45"
"https://epa608practicetest.net/study-guide-universal","44"
"https://epa608practicetest.net/epa-608-practice-exam-tips.html","38"
"https://epa608practicetest.net/practice-vs-real.html","34"
"https://epa608practicetest.net/exam-preparation.html","34"
"https://epa608practicetest.net/epa-608-online-test.html","29"
"https://epa608practicetest.net/epa-608-complete-study-guide.html","18"
"https://epa608practicetest.net/type-1.html","17"
"https://epa608practicetest.net/timed-exam.html","17"
"https://epa608practicetest.net/exam-rules","14"
"https://epa608practicetest.net/types-and-universal-certification-guide","13"
"https://epa608practicetest.net/certification-guide/how-to-get-certified.html","13"
"https://epa608practicetest.net/certification-validity-and-expiration-rules","11"
"https://epa608practicetest.net/exam-day.html","11"
"https://epa608practicetest.net/epa-608-refrigerants.html","8"
"https://epa608practicetest.net/exam-prep","8"
"https://epa608practicetest.net/study-schedule.html","8"
"https://epa608practicetest.net/cost-and-exam-fees-breakdown","7"
"https://epa608practicetest.net/flashcards.html","6"
"https://epa608practicetest.net/epa-608-certification-requirements.html","3"
"https://epa608practicetest.net/how-to-study-for-epa-608.html","3"
"https://epa608practicetest.net/epa-608-pass-rate.html","3"
"https://epa608practicetest.net/aim-act-changes.html?utm_source=copilot.com","3"
"https://epa608practicetest.net/study-guide-how-to-study.html","1"
