"Grounding Query","Citations"
"epa 608 certification","3608"
"epa 608 universal certification","1029"
"608 certification","841"
"what type of appliances are technicians certified to charge and open after passing the type i examination?","600"
"epa 608","466"
"epa test 608","450"
"epa section 608","425"
"epa 608 study guide","423"
"epa 608 cheat sheet","361"
"what is epa 608","322"
"epa 608 certification cost","300"
"universal epa certification","277"
"national tradesman epa 608","266"
"epa core practice test","255"
"epa 608 type 1","237"
"epa type 2","216"
"epa 608 core","196"
"epa certification for hvac","193"
"epa type 3","185"
"epa 608 certification requirements","177"
"epa 608 test","172"
"which of the following does not meet the criteria for type i appliance certification?","160"
"608 epa certification","159"
"epa608 type 2","156"
"epa universal certification","137"
"universal refrigerant certification","137"
"mainstream engineering epa","135"
"epa type 1","114"
"epa universal","112"
"epa questions and answers","100"
"how to study for epa 608","95"
"epa 608 and 609 certification","93"
"epa 608 universal","91"
"how to get epa universal certification","91"
"section 608 of the clean air act","80"
"608 vs 609 certification","80"
"refrigerant types","80"
"epa study guide hvac","78"
"epa 608 license","74"
"epa 608 actual test questions","72"
"aim act 2026","72"
"epa 608 certification test answers","72"
"epa certification cost","69"
"where to take the epa 608 certification test","69"
"epa 608 certification universal","67"
"epa type 2 practice","66"
"new refrigerant 2026","65"
"epa 608 core practice test","64"
"epa 608 exam","61"
"epa 608 certification locations","58"
"epa test practice","54"
"epa 608 test questions","50"
"epa section 608 universal certification","49"
"type 2 epa certification","49"
"608 test","47"
"national tradesman epa 608 practice test","45"
"aim act epa","45"
"mainstream engineering epa certification","45"
"epa section 608 technician certification","42"
"hvac 608 certification","40"
"epa study guide","40"
"epa 608 test cost","40"
"epa 608 exam cost","37"
"hvac epa 608 certification","36"
"epa 608 practice tests","36"
"epa section 608 practice test","33"
"epa 608 practice test","33"
"epa 608 online certification","30"
"epa 608 vs 609","30"
"epa 608 certification test cost","28"
"epa 608 core prep","28"
"epa universal certification online free","28"
"a small appliance is defined by epa as;","26"
"national tradesman epa 608 type 2","25"
"epa type 3 study guide","25"
"what is the epa 608","25"
"epa 608 universal certification cost","24"
"epa 608 online certification cost","24"
"epa type 2 study guide","22"
"on what does type i epa certification allow a service technician to work ?","20"
"608/609 certification","20"
"epa 608 universal cheat sheet","20"
"epa certification hvac","17"
"608 universal certification","17"
"epa practice test","16"
"epa universal certification cost","16"
"epa 608 certification study guide","16"
"epa 608 open book test","16"
"608 test is it proctored exam","16"
"epa section 608 test","15"
"epa 608 certification online free","15"
"epa 608 core test 2026","15"
"which type of epa section 608 certification is required to work on small appliances?","15"
"epa 608 exam questions","15"
"epa exam","15"
"how to pass epa 608 test","14"
"epa 608 type 2 practice","14"
"is the epa 608 exam open book","14"
"quizlet epa 608 universal","14"
"epa 608 study material","13"
"hvac epa test","13"
"what type of equipment can be worked on with type iii certification?","12"
"what is epa 608 universal certification","12"
"608 609 certifications","12"
"epa core study guide","12"
"epa 608 cost","10"
"how to get 608 certified","10"
"on low-pressure chillers, moisture most frequently enters the refrigerant system through;","10"
"online epa 608 certification","9"
"epa 608 type 3","9"
"free epa 608 certification online","9"
"608 epa test questions","9"
"section 608 technician certification","8"
"what is 608 certification","8"
"EPA 608 certification how to get","7"
"in a low-pressure chiller, air and other non-condensables collect at the;","6"
"epa 608 flashcards","6"
"epa 608 type 2 questions","6"
"608 hvac certification","5"
"epa type 1 certification","4"
"core epa608 questions","4"
"what is a 608 certification","4"
"epa universal certification study guide","4"
"epa 608 practice exams","3"
"section 608 epa certification cost","3"
"epa section 608 study guide","3"
"epa 608 practice test free","3"
"epa study guide 608","3"
"epa aim act 2026","3"
