"Page","Impressions","Clicks","CTR","Avg. Position"
"https://epa608practicetest.net/universal.html","5654","489","8.65%","3.9372107357622923"
"https://epa608practicetest.net/study-guides.html","5375","642","11.94%","3.169489339534883"
"https://epa608practicetest.net/","3955","180","4.55%","4.892291782553729"
"https://epa608practicetest.net/epa-608-certification-complete-guide.html","2305","53","2.3000000000000003%","4.226031453362255"
"https://epa608practicetest.net/test-locations.html","1081","29","2.68%","4.0536490286771505"
"https://epa608practicetest.net/practice-test-with-answers.html","777","45","5.79%","4.763189575289576"
"https://epa608practicetest.net/types-and-universal-certification-guide.html","593","7","1.18%","4.8094460370994945"
"https://epa608practicetest.net/core.html","591","89","15.06%","3.174288324873096"
"https://epa608practicetest.net/study-guide-type-1.html","588","10","1.7%","3.450685714285714"
"https://epa608practicetest.net/epa-608-study-materials.html","524","34","6.49%","3.999982824427481"
"https://epa608practicetest.net/epa-608-refrigerants.html","508","3","0.59%","5.32676594488189"
"https://epa608practicetest.net/aim-act-changes.html","477","25","5.24%","4.1111182389937095"
"https://epa608practicetest.net/study-guide-type-2.html","428","26","6.07%","4.1331782710280365"
"https://epa608practicetest.net/best-epa-608-practice-test.html","412","5","1.21%","5.861643203883496"
"https://epa608practicetest.net/type-2.html","322","33","10.25%","3.4068363354037263"
"https://epa608practicetest.net/cost-and-exam-fees.html","282","23","8.16%","2.3120737588652482"
"https://epa608practicetest.net/study-guide-cheat-sheet.html","205","43","20.98%","3.1853643902439024"
"https://epa608practicetest.net/study-guide-type-3.html","205","4","1.95%","4.414646829268293"
"https://epa608practicetest.net/epa-608-exam-questions.html","185","13","7.03%","4.270277297297297"
"https://epa608practicetest.net/difference-between-epa-608-and-609.html","180","6","3.33%","3.255556666666667"
"https://epa608practicetest.net/what-is-epa-608-certification.html","161","1","0.62%","6.086955279503106"
"https://epa608practicetest.net/cost-and-exam-fees-breakdown.html","157","17","10.83%","2.0254834394904457"
"https://epa608practicetest.net/certification-guide/how-to-get-certified.html","154","5","3.25%","4.474037012987013"
"https://epa608practicetest.net/certification-validity-and-expiration-rules.html","142","0","0%","2.9788739436619713"
"https://epa608practicetest.net/study-guide-universal.html","142","6","4.23%","4.964784507042254"
"https://epa608practicetest.net/type-3.html","132","14","10.61%","2.95455606060606"
"https://epa608practicetest.net/type-1.html","107","9","8.41%","3.429899065420561"
"https://epa608practicetest.net/how-to-get-certified-step-by-step.html","105","3","2.86%","4.771429523809523"
"https://epa608practicetest.net/certification-types.html","70","0","0%","5.414295714285714"
"https://epa608practicetest.net/how-to-get-certified.html","65","2","3.08%","5.230786153846155"
"https://epa608practicetest.net/exam-results.html","57","8","14.040000000000001%","4.245617543859649"
"https://epa608practicetest.net/online-test.html","48","3","6.25%","5.1458125"
"https://epa608practicetest.net/exam-prep","47","2","4.26%","4.659553191489362"
"https://epa608practicetest.net/epa-608-certification-requirements.html","33","0","0%","3.4848636363636363"
"https://epa608practicetest.net/does-it-expire.html","25","0","0%","2.159996"
"https://epa608practicetest.net/types-and-universal-certification-guide","22","0","0%","4.3182409090909095"
"https://epa608practicetest.net/exam-rules.html","19","2","10.53%","3.0000263157894738"
"https://epa608practicetest.net/epa-608-vs-nate.html","19","0","0%","7.5789368421052625"
"https://epa608practicetest.net/cost-and-exam-fees-breakdown","17","2","11.76%","5.882370588235295"
"https://epa608practicetest.net/epa-608-complete-study-guide.html","17","1","5.88%","6.647029411764707"
"https://epa608practicetest.net/exam-day.html","11","0","0%","7"
"https://epa608practicetest.net/epa-608-pass-rate.html","9","0","0%","4.2222"
"https://epa608practicetest.net/epa-608-online-test.html","7","0","0%","7.285714285714286"
"https://epa608practicetest.net/exam-difficulty.html","7","3","42.86%","1.4285857142857143"
"https://epa608practicetest.net/test-locations","5","2","40%","2.2"
"https://epa608practicetest.net/exam-preparation.html","4","0","0%","5.749975"
"https://epa608practicetest.net/exam-results","4","0","0%","3.75"
"https://epa608practicetest.net/epa-608-common-mistakes.html","3","0","0%","4.3333"
"https://epa608practicetest.net/test-duration.html","2","1","50%","4"
"https://epa608practicetest.net/pass-rate.html","2","0","0%","5"
"https://epa608practicetest.net/test-anxiety.html","2","0","0%","8"
"https://epa608practicetest.net/mini-quiz.html","2","0","0%","1"
"https://epa608practicetest.net/exam-rules","1","0","0%","5"
"https://epa608practicetest.net/study-guides","1","0","0%","2"
"https://epa608practicetest.net/study-guide-exam-strategies.html","1","0","0%","7"
"https://epa608practicetest.net/study-guide-core.html","1","0","0%","7"
